,pinball,coverage_80,crps,mae,skill_pinball,skill_mae
seasonal_naive,2.918569485346476,0.0,5.837138970692952,5.837139129638672,0.0,0.0
global_lgbm,1.446328182311202,0.703125,2.892656364622404,4.06841305791993,0.5044393530553541,0.30301249163958666
